<?xml version="1.0" encoding="UTF-8"?>
<project-private xmlns="http://www.netbeans.org/ns/project-private/1">
    <data xmlns="http://www.netbeans.org/ns/make-project-private/1">
        <activeConfTypeElem>0</activeConfTypeElem>
        <activeConfIndexElem>1</activeConfIndexElem>
    </data>
    <editor-bookmarks xmlns="http://www.netbeans.org/ns/editor-bookmarks/2" lastBookmarkId="0"/>
    <open-files xmlns="http://www.netbeans.org/ns/projectui-open-files/2">
        <group>
            <file>file:/nfs/ug/homes-4/k/khawarsa/mapper_repo/mapper/libstreetmap/src/m1.cpp</file>
            <file>file:/nfs/ug/homes-4/k/khawarsa/mapper_repo/mapper/main/src/main.cpp</file>
            <file>file:/nfs/ug/homes-4/k/khawarsa/mapper_repo/mapper/libstreetmap/src/m1.h</file>
            <file>file:/nfs/ug/homes-4/k/khawarsa/mapper_repo/mapper/libstreetmap/src/mapLoader.cpp</file>
        </group>
    </open-files>
</project-private>
