<?xml version="1.0" encoding="UTF-8"?>
<configurationDescriptor version="97">
  <logicalFolder name="root" displayName="root" projectFiles="true" kind="ROOT">
    <df root="." name="0">
      <df name="libstreetmap">
        <df name="src">
          <in>adjacentIntersection.cpp</in>
          <in>adjacentIntersection.h</in>
          <in>dataStructs.h</in>
          <in>graphics.cpp</in>
          <in>m1.cpp</in>
          <in>m1_internal.h</in>
          <in>m2.cpp</in>
          <in>m3.cpp</in>
          <in>m3.h</in>
          <in>m4.cpp</in>
          <in>mapLoader.cpp</in>
          <in>mapLoder.h</in>
        </df>
        <df name="tests">
          <in>m1_func_toronto.cpp</in>
          <in>m1_perf_toronto.cpp</in>
          <in>tester.cpp</in>
          <in>unit_test_util.h</in>
        </df>
      </df>
      <df name="libstreetsdatabase">
        <df name="src">
          <in>Feature.cpp</in>
          <in>OSMDatabase.cpp</in>
          <in>OSMDatabaseAPI.cpp</in>
          <in>OSMNode.cpp</in>
          <in>PathNetwork.cpp</in>
          <in>StreetsDatabase.cpp</in>
          <in>StreetsDatabaseAPI.cpp</in>
        </df>
      </df>
      <df name="main">
        <df name="src">
          <in>graphics.cpp</in>
          <in>main.cpp</in>
        </df>
      </df>
    </df>
    <logicalFolder name="ExternalFiles"
                   displayName="Important Files"
                   projectFiles="false"
                   kind="IMPORTANT_FILES_FOLDER">
      <itemPath>Makefile</itemPath>
    </logicalFolder>
  </logicalFolder>
  <sourceFolderFilter>^(nbproject)$</sourceFolderFilter>
  <sourceRootList>
    <Elem>.</Elem>
  </sourceRootList>
  <projectmakefile>Makefile</projectmakefile>
  <confs>
    <conf name="Debug" type="0">
      <toolsSet>
        <compilerSet>GNU|GNU</compilerSet>
        <dependencyChecking>false</dependencyChecking>
        <rebuildPropChanged>false</rebuildPropChanged>
      </toolsSet>
      <flagsDictionary>
        <element flagsID="0" commonFlags="-std=c++11 -fopenmp"/>
      </flagsDictionary>
      <codeAssistance>
      </codeAssistance>
      <makefileType>
        <makeTool>
          <buildCommandWorkingDir>.</buildCommandWorkingDir>
          <buildCommand>${MAKE} -f Makefile CONF=debug</buildCommand>
          <cleanCommand>${MAKE} -f Makefile clean</cleanCommand>
          <executablePath>mapper</executablePath>
          <ccTool>
            <incDir>
              <pElem>libstreetmap/src</pElem>
              <pElem>libstreetsdatabase/src</pElem>
              <pElem>main/src</pElem>
              <pElem>/usr/include/freetype2</pElem>
              <pElem>/opt/X11/include</pElem>
              <pElem>.</pElem>
            </incDir>
            <preprocessorList>
              <Elem>_GLIBCXX_DEBUG</Elem>
            </preprocessorList>
          </ccTool>
        </makeTool>
        <preBuild>
          <preBuildCommandWorkingDir>.</preBuildCommandWorkingDir>
          <preBuildCommand></preBuildCommand>
        </preBuild>
      </makefileType>
      <item path="libstreetmap/src/adjacentIntersection.cpp"
            ex="false"
            tool="1"
            flavor2="8">
        <ccTool flags="0">
        </ccTool>
      </item>
      <item path="libstreetmap/src/graphics.cpp" ex="false" tool="1" flavor2="8">
        <ccTool flags="0">
        </ccTool>
      </item>
      <item path="libstreetmap/src/m1.cpp" ex="false" tool="1" flavor2="8">
        <ccTool flags="0">
        </ccTool>
      </item>
      <item path="libstreetmap/src/m2.cpp" ex="false" tool="1" flavor2="8">
        <ccTool flags="0">
        </ccTool>
      </item>
      <item path="libstreetmap/src/m3.cpp" ex="false" tool="1" flavor2="8">
        <ccTool flags="0">
        </ccTool>
      </item>
      <item path="libstreetmap/src/m4.cpp" ex="false" tool="1" flavor2="8">
        <ccTool flags="0">
        </ccTool>
      </item>
      <item path="libstreetmap/src/mapLoader.cpp" ex="false" tool="1" flavor2="8">
        <ccTool flags="0">
        </ccTool>
      </item>
      <item path="libstreetmap/tests/tester.cpp" ex="false" tool="1" flavor2="4">
      </item>
      <item path="libstreetsdatabase/src/Feature.cpp" ex="false" tool="1" flavor2="8">
        <ccTool flags="0">
        </ccTool>
      </item>
      <item path="libstreetsdatabase/src/OSMDatabase.cpp"
            ex="false"
            tool="1"
            flavor2="8">
        <ccTool flags="0">
        </ccTool>
      </item>
      <item path="libstreetsdatabase/src/OSMDatabaseAPI.cpp"
            ex="false"
            tool="1"
            flavor2="8">
        <ccTool flags="0">
        </ccTool>
      </item>
      <item path="libstreetsdatabase/src/OSMNode.cpp" ex="false" tool="1" flavor2="8">
        <ccTool flags="0">
        </ccTool>
      </item>
      <item path="libstreetsdatabase/src/PathNetwork.cpp"
            ex="false"
            tool="1"
            flavor2="8">
        <ccTool flags="0">
        </ccTool>
      </item>
      <item path="libstreetsdatabase/src/StreetsDatabase.cpp"
            ex="false"
            tool="1"
            flavor2="8">
        <ccTool flags="0">
        </ccTool>
      </item>
      <item path="libstreetsdatabase/src/StreetsDatabaseAPI.cpp"
            ex="false"
            tool="1"
            flavor2="8">
        <ccTool flags="0">
        </ccTool>
      </item>
      <item path="main/src/graphics.cpp" ex="false" tool="1" flavor2="8">
        <ccTool flags="0">
        </ccTool>
      </item>
      <item path="main/src/main.cpp" ex="false" tool="1" flavor2="8">
        <ccTool flags="0">
        </ccTool>
      </item>
    </conf>
    <conf name="Release" type="0">
      <toolsSet>
        <compilerSet>GNU|GNU</compilerSet>
        <dependencyChecking>false</dependencyChecking>
        <rebuildPropChanged>false</rebuildPropChanged>
      </toolsSet>
      <flagsDictionary>
        <element flagsID="0" commonFlags="-O3 -std=c++11 -fopenmp"/>
        <element flagsID="1" commonFlags="-std=c++11 -fopenmp"/>
      </flagsDictionary>
      <codeAssistance>
      </codeAssistance>
      <makefileType>
        <makeTool>
          <buildCommandWorkingDir>.</buildCommandWorkingDir>
          <buildCommand>${MAKE} -f Makefile CONF=release</buildCommand>
          <cleanCommand>${MAKE} -f Makefile clean</cleanCommand>
          <executablePath>mapper</executablePath>
          <ccTool flags="0">
            <incDir>
              <pElem>libstreetmap/src</pElem>
              <pElem>libstreetsdatabase/src</pElem>
              <pElem>main/src</pElem>
              <pElem>/usr/include/freetype2</pElem>
              <pElem>/opt/X11/include</pElem>
              <pElem>.</pElem>
            </incDir>
          </ccTool>
        </makeTool>
        <preBuild>
          <preBuildCommandWorkingDir>.</preBuildCommandWorkingDir>
          <preBuildCommand></preBuildCommand>
        </preBuild>
      </makefileType>
      <folder path="0/libstreetmap/tests">
        <ccTool>
          <preprocessorList>
            <Elem>_GLIBCXX_DEBUG</Elem>
          </preprocessorList>
        </ccTool>
      </folder>
      <item path="libstreetmap/src/adjacentIntersection.cpp"
            ex="false"
            tool="1"
            flavor2="4">
      </item>
      <item path="libstreetmap/src/graphics.cpp" ex="false" tool="1" flavor2="8">
        <ccTool flags="0">
        </ccTool>
      </item>
      <item path="libstreetmap/src/m1.cpp" ex="false" tool="1" flavor2="8">
        <ccTool flags="0">
        </ccTool>
      </item>
      <item path="libstreetmap/src/m2.cpp" ex="false" tool="1" flavor2="8">
        <ccTool flags="0">
        </ccTool>
      </item>
      <item path="libstreetmap/src/m3.cpp" ex="false" tool="1" flavor2="8">
        <ccTool flags="0">
        </ccTool>
      </item>
      <item path="libstreetmap/src/m4.cpp" ex="false" tool="1" flavor2="8">
        <ccTool flags="0">
        </ccTool>
      </item>
      <item path="libstreetmap/src/mapLoader.cpp" ex="false" tool="1" flavor2="8">
        <ccTool flags="0">
        </ccTool>
      </item>
      <item path="libstreetmap/tests/m1_func_toronto.cpp"
            ex="false"
            tool="1"
            flavor2="8">
        <ccTool flags="1">
        </ccTool>
      </item>
      <item path="libstreetmap/tests/m1_perf_toronto.cpp"
            ex="false"
            tool="1"
            flavor2="8">
        <ccTool flags="1">
        </ccTool>
      </item>
      <item path="libstreetmap/tests/tester.cpp" ex="false" tool="1" flavor2="8">
        <ccTool flags="1">
        </ccTool>
      </item>
      <item path="libstreetsdatabase/src/Feature.cpp" ex="false" tool="1" flavor2="8">
        <ccTool flags="0">
        </ccTool>
      </item>
      <item path="libstreetsdatabase/src/OSMDatabase.cpp"
            ex="false"
            tool="1"
            flavor2="8">
        <ccTool flags="0">
        </ccTool>
      </item>
      <item path="libstreetsdatabase/src/OSMDatabaseAPI.cpp"
            ex="false"
            tool="1"
            flavor2="8">
        <ccTool flags="0">
        </ccTool>
      </item>
      <item path="libstreetsdatabase/src/OSMNode.cpp" ex="false" tool="1" flavor2="8">
        <ccTool flags="0">
        </ccTool>
      </item>
      <item path="libstreetsdatabase/src/PathNetwork.cpp"
            ex="false"
            tool="1"
            flavor2="8">
        <ccTool flags="0">
        </ccTool>
      </item>
      <item path="libstreetsdatabase/src/StreetsDatabase.cpp"
            ex="false"
            tool="1"
            flavor2="8">
        <ccTool flags="0">
        </ccTool>
      </item>
      <item path="libstreetsdatabase/src/StreetsDatabaseAPI.cpp"
            ex="false"
            tool="1"
            flavor2="8">
        <ccTool flags="0">
        </ccTool>
      </item>
      <item path="main/src/graphics.cpp" ex="false" tool="1" flavor2="8">
        <ccTool flags="0">
        </ccTool>
      </item>
      <item path="main/src/main.cpp" ex="false" tool="1" flavor2="8">
        <ccTool flags="0">
        </ccTool>
      </item>
    </conf>
    <conf name="Unit_Test_Debug" type="0">
      <toolsSet>
        <compilerSet>GNU|GNU</compilerSet>
        <dependencyChecking>false</dependencyChecking>
        <rebuildPropChanged>false</rebuildPropChanged>
      </toolsSet>
      <flagsDictionary>
        <element flagsID="0" commonFlags="-std=c++11 -fopenmp"/>
      </flagsDictionary>
      <codeAssistance>
      </codeAssistance>
      <makefileType>
        <makeTool>
          <buildCommandWorkingDir>.</buildCommandWorkingDir>
          <buildCommand>${MAKE} -f Makefile test_libstreetmap CONF=debug</buildCommand>
          <cleanCommand>${MAKE} -f Makefile clean</cleanCommand>
          <executablePath>test_libstreetmap</executablePath>
          <ccTool>
            <incDir>
              <pElem>libstreetmap/src</pElem>
              <pElem>libstreetsdatabase/src</pElem>
              <pElem>main/src</pElem>
              <pElem>/usr/include/freetype2</pElem>
              <pElem>/opt/X11/include</pElem>
              <pElem>.</pElem>
            </incDir>
            <preprocessorList>
              <Elem>_GLIBCXX_DEBUG</Elem>
            </preprocessorList>
          </ccTool>
        </makeTool>
        <preBuild>
          <preBuildCommandWorkingDir>.</preBuildCommandWorkingDir>
          <preBuildCommand></preBuildCommand>
        </preBuild>
      </makefileType>
      <item path="libstreetmap/src/adjacentIntersection.cpp"
            ex="false"
            tool="1"
            flavor2="0">
      </item>
      <item path="libstreetmap/src/adjacentIntersection.h"
            ex="false"
            tool="3"
            flavor2="0">
      </item>
      <item path="libstreetmap/src/dataStructs.h" ex="false" tool="3" flavor2="0">
      </item>
      <item path="libstreetmap/src/m1.cpp" ex="false" tool="1" flavor2="8">
        <ccTool flags="0">
        </ccTool>
      </item>
      <item path="libstreetmap/src/m1_internal.h" ex="false" tool="3" flavor2="0">
      </item>
      <item path="libstreetmap/src/m3.h" ex="false" tool="3" flavor2="0">
      </item>
      <item path="libstreetmap/src/mapLoader.cpp" ex="false" tool="1" flavor2="0">
      </item>
      <item path="libstreetmap/src/mapLoder.h" ex="false" tool="3" flavor2="0">
      </item>
      <item path="libstreetmap/tests/m1_func_toronto.cpp"
            ex="false"
            tool="1"
            flavor2="8">
        <ccTool flags="0">
        </ccTool>
      </item>
      <item path="libstreetmap/tests/m1_perf_toronto.cpp"
            ex="false"
            tool="1"
            flavor2="8">
        <ccTool flags="0">
        </ccTool>
      </item>
      <item path="libstreetmap/tests/tester.cpp" ex="false" tool="1" flavor2="8">
        <ccTool flags="0">
        </ccTool>
      </item>
      <item path="libstreetsdatabase/src/Feature.cpp" ex="false" tool="1" flavor2="8">
        <ccTool flags="0">
        </ccTool>
      </item>
      <item path="libstreetsdatabase/src/OSMDatabase.cpp"
            ex="false"
            tool="1"
            flavor2="8">
        <ccTool flags="0">
        </ccTool>
      </item>
      <item path="libstreetsdatabase/src/OSMDatabaseAPI.cpp"
            ex="false"
            tool="1"
            flavor2="8">
        <ccTool flags="0">
        </ccTool>
      </item>
      <item path="libstreetsdatabase/src/OSMNode.cpp" ex="false" tool="1" flavor2="8">
        <ccTool flags="0">
        </ccTool>
      </item>
      <item path="libstreetsdatabase/src/PathNetwork.cpp"
            ex="false"
            tool="1"
            flavor2="8">
        <ccTool flags="0">
        </ccTool>
      </item>
      <item path="libstreetsdatabase/src/StreetsDatabase.cpp"
            ex="false"
            tool="1"
            flavor2="8">
        <ccTool flags="0">
        </ccTool>
      </item>
      <item path="libstreetsdatabase/src/StreetsDatabaseAPI.cpp"
            ex="false"
            tool="1"
            flavor2="8">
        <ccTool flags="0">
        </ccTool>
      </item>
      <item path="main/src/main.cpp" ex="false" tool="1" flavor2="8">
      </item>
    </conf>
    <conf name="Unit_Test_Release" type="0">
      <toolsSet>
        <compilerSet>GNU|GNU</compilerSet>
        <dependencyChecking>false</dependencyChecking>
        <rebuildPropChanged>false</rebuildPropChanged>
      </toolsSet>
      <flagsDictionary>
        <element flagsID="0" commonFlags="-O3 -std=c++11 -fopenmp"/>
        <element flagsID="1" commonFlags="-std=c++11 -fopenmp"/>
      </flagsDictionary>
      <codeAssistance>
      </codeAssistance>
      <makefileType>
        <makeTool>
          <buildCommandWorkingDir>.</buildCommandWorkingDir>
          <buildCommand>${MAKE} -f Makefile test_libstreetmap CONF=release</buildCommand>
          <cleanCommand>${MAKE} -f Makefile clean</cleanCommand>
          <executablePath>test_libstreetmap</executablePath>
          <ccTool>
            <incDir>
              <pElem>libstreetmap/src</pElem>
              <pElem>libstreetsdatabase/src</pElem>
              <pElem>main/src</pElem>
              <pElem>/usr/include/freetype2</pElem>
              <pElem>/opt/X11/include</pElem>
              <pElem>.</pElem>
            </incDir>
          </ccTool>
        </makeTool>
        <preBuild>
          <preBuildCommandWorkingDir>.</preBuildCommandWorkingDir>
          <preBuildCommand></preBuildCommand>
        </preBuild>
      </makefileType>
      <folder path="0/libstreetsdatabase">
        <ccTool>
          <preprocessorList>
            <Elem>_GLIBCXX_DEBUG</Elem>
          </preprocessorList>
        </ccTool>
      </folder>
      <folder path="0/main">
        <ccTool>
          <preprocessorList>
            <Elem>_GLIBCXX_DEBUG</Elem>
          </preprocessorList>
        </ccTool>
      </folder>
      <item path="libstreetmap/src/adjacentIntersection.cpp"
            ex="false"
            tool="1"
            flavor2="0">
      </item>
      <item path="libstreetmap/src/adjacentIntersection.h"
            ex="false"
            tool="3"
            flavor2="0">
      </item>
      <item path="libstreetmap/src/dataStructs.h" ex="false" tool="3" flavor2="0">
      </item>
      <item path="libstreetmap/src/m1.cpp" ex="false" tool="1" flavor2="8">
        <ccTool flags="0">
        </ccTool>
      </item>
      <item path="libstreetmap/src/m1_internal.h" ex="false" tool="3" flavor2="0">
      </item>
      <item path="libstreetmap/src/m3.h" ex="false" tool="3" flavor2="0">
      </item>
      <item path="libstreetmap/src/mapLoader.cpp" ex="false" tool="1" flavor2="0">
      </item>
      <item path="libstreetmap/src/mapLoder.h" ex="false" tool="3" flavor2="0">
      </item>
      <item path="libstreetmap/tests/m1_func_toronto.cpp"
            ex="false"
            tool="1"
            flavor2="8">
        <ccTool flags="0">
        </ccTool>
      </item>
      <item path="libstreetmap/tests/m1_perf_toronto.cpp"
            ex="false"
            tool="1"
            flavor2="8">
        <ccTool flags="0">
        </ccTool>
      </item>
      <item path="libstreetmap/tests/tester.cpp" ex="false" tool="1" flavor2="8">
        <ccTool flags="0">
        </ccTool>
      </item>
      <item path="libstreetsdatabase/src/Feature.cpp" ex="false" tool="1" flavor2="8">
        <ccTool flags="1">
        </ccTool>
      </item>
      <item path="libstreetsdatabase/src/OSMDatabase.cpp"
            ex="false"
            tool="1"
            flavor2="8">
        <ccTool flags="1">
        </ccTool>
      </item>
      <item path="libstreetsdatabase/src/OSMDatabaseAPI.cpp"
            ex="false"
            tool="1"
            flavor2="8">
        <ccTool flags="1">
        </ccTool>
      </item>
      <item path="libstreetsdatabase/src/OSMNode.cpp" ex="false" tool="1" flavor2="8">
        <ccTool flags="1">
        </ccTool>
      </item>
      <item path="libstreetsdatabase/src/PathNetwork.cpp"
            ex="false"
            tool="1"
            flavor2="8">
        <ccTool flags="1">
        </ccTool>
      </item>
      <item path="libstreetsdatabase/src/StreetsDatabase.cpp"
            ex="false"
            tool="1"
            flavor2="8">
        <ccTool flags="1">
        </ccTool>
      </item>
      <item path="libstreetsdatabase/src/StreetsDatabaseAPI.cpp"
            ex="false"
            tool="1"
            flavor2="8">
        <ccTool flags="1">
        </ccTool>
      </item>
      <item path="main/src/main.cpp" ex="false" tool="1" flavor2="8">
      </item>
    </conf>
    <conf name="Debug_Profile" type="0">
      <toolsSet>
        <compilerSet>GNU|GNU</compilerSet>
        <dependencyChecking>false</dependencyChecking>
        <rebuildPropChanged>false</rebuildPropChanged>
      </toolsSet>
      <flagsDictionary>
        <element flagsID="0" commonFlags="-std=c++11 -fopenmp"/>
      </flagsDictionary>
      <codeAssistance>
      </codeAssistance>
      <makefileType>
        <makeTool>
          <buildCommandWorkingDir>.</buildCommandWorkingDir>
          <buildCommand>${MAKE} -f Makefile CONF=debug_profile</buildCommand>
          <cleanCommand>${MAKE} -f Makefile clean</cleanCommand>
          <executablePath>mapper</executablePath>
          <ccTool>
            <incDir>
              <pElem>libstreetmap/src</pElem>
              <pElem>libstreetsdatabase/src</pElem>
              <pElem>main/src</pElem>
              <pElem>/usr/include/freetype2</pElem>
              <pElem>/opt/X11/include</pElem>
              <pElem>.</pElem>
            </incDir>
          </ccTool>
        </makeTool>
        <preBuild>
          <preBuildCommandWorkingDir>.</preBuildCommandWorkingDir>
          <preBuildCommand></preBuildCommand>
        </preBuild>
      </makefileType>
      <folder path="0/libstreetmap">
        <ccTool>
          <preprocessorList>
            <Elem>_GLIBCXX_DEBUG</Elem>
          </preprocessorList>
        </ccTool>
      </folder>
      <folder path="0/libstreetsdatabase">
        <ccTool>
          <preprocessorList>
            <Elem>_GLIBCXX_DEBUG</Elem>
          </preprocessorList>
        </ccTool>
      </folder>
      <folder path="0/main">
        <ccTool>
          <preprocessorList>
            <Elem>_GLIBCXX_DEBUG</Elem>
          </preprocessorList>
        </ccTool>
      </folder>
      <item path="libstreetmap/src/adjacentIntersection.cpp"
            ex="false"
            tool="1"
            flavor2="0">
      </item>
      <item path="libstreetmap/src/adjacentIntersection.h"
            ex="false"
            tool="3"
            flavor2="0">
      </item>
      <item path="libstreetmap/src/dataStructs.h" ex="false" tool="3" flavor2="0">
      </item>
      <item path="libstreetmap/src/m1.cpp" ex="false" tool="1" flavor2="8">
        <ccTool flags="0">
        </ccTool>
      </item>
      <item path="libstreetmap/src/m1_internal.h" ex="false" tool="3" flavor2="0">
      </item>
      <item path="libstreetmap/src/m3.h" ex="false" tool="3" flavor2="0">
      </item>
      <item path="libstreetmap/src/mapLoader.cpp" ex="false" tool="1" flavor2="0">
      </item>
      <item path="libstreetmap/src/mapLoder.h" ex="false" tool="3" flavor2="0">
      </item>
      <item path="libstreetmap/tests/tester.cpp" ex="false" tool="1" flavor2="0">
      </item>
      <item path="libstreetmap/tests/unit_test_util.h"
            ex="false"
            tool="3"
            flavor2="0">
      </item>
      <item path="libstreetsdatabase/src/Feature.cpp" ex="false" tool="1" flavor2="8">
        <ccTool flags="0">
        </ccTool>
      </item>
      <item path="libstreetsdatabase/src/OSMDatabase.cpp"
            ex="false"
            tool="1"
            flavor2="8">
        <ccTool flags="0">
        </ccTool>
      </item>
      <item path="libstreetsdatabase/src/OSMDatabaseAPI.cpp"
            ex="false"
            tool="1"
            flavor2="8">
        <ccTool flags="0">
        </ccTool>
      </item>
      <item path="libstreetsdatabase/src/OSMNode.cpp" ex="false" tool="1" flavor2="8">
        <ccTool flags="0">
        </ccTool>
      </item>
      <item path="libstreetsdatabase/src/PathNetwork.cpp"
            ex="false"
            tool="1"
            flavor2="8">
        <ccTool flags="0">
        </ccTool>
      </item>
      <item path="libstreetsdatabase/src/StreetsDatabase.cpp"
            ex="false"
            tool="1"
            flavor2="8">
        <ccTool flags="0">
        </ccTool>
      </item>
      <item path="libstreetsdatabase/src/StreetsDatabaseAPI.cpp"
            ex="false"
            tool="1"
            flavor2="8">
        <ccTool flags="0">
        </ccTool>
      </item>
      <item path="main/src/main.cpp" ex="false" tool="1" flavor2="8">
        <ccTool flags="0">
        </ccTool>
      </item>
    </conf>
    <conf name="Release_Profile" type="0">
      <toolsSet>
        <compilerSet>GNU|GNU</compilerSet>
        <dependencyChecking>false</dependencyChecking>
        <rebuildPropChanged>false</rebuildPropChanged>
      </toolsSet>
      <flagsDictionary>
        <element flagsID="0" commonFlags="-O3 -std=c++11 -fopenmp"/>
      </flagsDictionary>
      <codeAssistance>
      </codeAssistance>
      <makefileType>
        <makeTool>
          <buildCommandWorkingDir>.</buildCommandWorkingDir>
          <buildCommand>${MAKE} -f Makefile CONF=release_profile</buildCommand>
          <cleanCommand>${MAKE} -f Makefile clean</cleanCommand>
          <executablePath>mapper</executablePath>
          <ccTool>
            <incDir>
              <pElem>libstreetmap/src</pElem>
              <pElem>libstreetsdatabase/src</pElem>
              <pElem>main/src</pElem>
              <pElem>/usr/include/freetype2</pElem>
              <pElem>/opt/X11/include</pElem>
              <pElem>.</pElem>
            </incDir>
          </ccTool>
        </makeTool>
        <preBuild>
          <preBuildCommandWorkingDir>.</preBuildCommandWorkingDir>
          <preBuildCommand></preBuildCommand>
        </preBuild>
      </makefileType>
      <folder path="0/libstreetmap">
        <ccTool>
          <preprocessorList>
            <Elem>_GLIBCXX_DEBUG</Elem>
          </preprocessorList>
        </ccTool>
      </folder>
      <folder path="0/libstreetsdatabase">
        <ccTool>
          <preprocessorList>
            <Elem>_GLIBCXX_DEBUG</Elem>
          </preprocessorList>
        </ccTool>
      </folder>
      <folder path="0/main">
        <ccTool>
          <preprocessorList>
            <Elem>_GLIBCXX_DEBUG</Elem>
          </preprocessorList>
        </ccTool>
      </folder>
      <item path="libstreetmap/src/adjacentIntersection.cpp"
            ex="false"
            tool="1"
            flavor2="0">
      </item>
      <item path="libstreetmap/src/adjacentIntersection.h"
            ex="false"
            tool="3"
            flavor2="0">
      </item>
      <item path="libstreetmap/src/dataStructs.h" ex="false" tool="3" flavor2="0">
      </item>
      <item path="libstreetmap/src/m1.cpp" ex="false" tool="1" flavor2="8">
        <ccTool flags="0">
        </ccTool>
      </item>
      <item path="libstreetmap/src/m1_internal.h" ex="false" tool="3" flavor2="0">
      </item>
      <item path="libstreetmap/src/m3.h" ex="false" tool="3" flavor2="0">
      </item>
      <item path="libstreetmap/src/mapLoader.cpp" ex="false" tool="1" flavor2="0">
      </item>
      <item path="libstreetmap/src/mapLoder.h" ex="false" tool="3" flavor2="0">
      </item>
      <item path="libstreetmap/tests/tester.cpp" ex="false" tool="1" flavor2="0">
      </item>
      <item path="libstreetmap/tests/unit_test_util.h"
            ex="false"
            tool="3"
            flavor2="0">
      </item>
      <item path="libstreetsdatabase/src/Feature.cpp" ex="false" tool="1" flavor2="8">
        <ccTool flags="0">
        </ccTool>
      </item>
      <item path="libstreetsdatabase/src/OSMDatabase.cpp"
            ex="false"
            tool="1"
            flavor2="8">
        <ccTool flags="0">
        </ccTool>
      </item>
      <item path="libstreetsdatabase/src/OSMDatabaseAPI.cpp"
            ex="false"
            tool="1"
            flavor2="8">
        <ccTool flags="0">
        </ccTool>
      </item>
      <item path="libstreetsdatabase/src/OSMNode.cpp" ex="false" tool="1" flavor2="8">
        <ccTool flags="0">
        </ccTool>
      </item>
      <item path="libstreetsdatabase/src/PathNetwork.cpp"
            ex="false"
            tool="1"
            flavor2="8">
        <ccTool flags="0">
        </ccTool>
      </item>
      <item path="libstreetsdatabase/src/StreetsDatabase.cpp"
            ex="false"
            tool="1"
            flavor2="8">
        <ccTool flags="0">
        </ccTool>
      </item>
      <item path="libstreetsdatabase/src/StreetsDatabaseAPI.cpp"
            ex="false"
            tool="1"
            flavor2="8">
        <ccTool flags="0">
        </ccTool>
      </item>
      <item path="main/src/main.cpp" ex="false" tool="1" flavor2="8">
        <ccTool flags="0">
        </ccTool>
      </item>
    </conf>
  </confs>
</configurationDescriptor>
